Name,hoursplayed,counterstrike,achievement-c,lol,played,terarria,achievement-ter,skyrim,achievement-sk
Verge,790,0,3,0,504,0,17,1,11
Caria,2714,0,12,0,602,0,14,0,51
Jehanna,2812,0,36,1,847,0,17,1,8
Shaine,2987,1,19,1,1031,0,3,0,24
Rem,2987,0,0,1,1616,1,21,0,2
Elinore,2061,0,11,1,975,1,12,1,60
Malvina,538,0,26,0,3219,1,0,1,33
Vincent,416,0,3,0,2147,1,14,1,39
Kaylil,2454,1,35,0,3800,0,27,0,17
Benito,376,1,6,1,3676,0,27,0,42
Durward,1608,1,0,0,3,0,8,0,8
Della,1202,1,1,0,3972,1,11,1,37
Karlis,2663,0,47,1,2552,1,24,0,14
Arnaldo,1656,1,24,0,3160,1,25,0,9
Cheslie,2896,0,19,0,3131,0,2,0,51
Bryce,1909,0,19,0,941,0,0,1,45
Merlina,322,1,15,1,1629,1,28,1,54
Winnifred,1087,0,34,0,1385,1,13,0,53
Jonas,1842,1,48,0,2715,0,3,1,17
Nels,311,1,3,0,2412,0,10,0,52
Barris,2376,1,13,1,2266,1,14,0,36
Arther,574,0,47,0,1313,0,1,1,55
Daffi,2596,1,45,0,1933,1,5,1,6
Orv,463,0,30,1,3970,0,5,0,41
Binny,802,1,22,1,3676,1,1,1,19
Prudy,207,1,41,0,1027,0,13,1,54
Hildegaard,192,0,33,1,1155,0,29,0,26
Fidela,2414,1,50,1,470,1,23,0,11
Ninon,128,1,40,1,1997,1,27,1,14
Constancy,922,0,23,1,3605,1,0,0,46
Lorette,421,1,1,0,1610,0,30,0,12
Aubry,2830,0,50,1,3937,0,9,0,49
Beryle,1871,1,23,0,523,0,11,0,2
Creight,2545,1,22,0,3824,0,12,1,5
Orlan,550,1,9,0,1554,1,10,1,29
Grethel,225,1,12,1,2945,1,0,1,35
Ruthy,849,1,5,0,3940,1,30,0,44
Gilda,1465,0,37,0,3478,1,20,1,25
Ari,991,0,26,0,1505,1,25,0,34
Coral,988,1,20,1,3666,0,19,0,11
Cortney,1027,0,42,0,54,1,17,0,8
Holly,2134,0,4,0,1770,0,30,0,25
Kelly,1310,0,49,0,3241,1,23,1,33
Delainey,2220,1,20,1,3708,0,19,1,35
Pavel,1885,1,27,1,3295,0,20,1,3
Oona,241,1,29,1,202,0,29,1,28
Ella,373,0,40,0,707,1,3,1,50
Doralia,2998,1,40,0,891,1,5,0,0
Madelina,1228,1,38,1,1291,0,9,0,5
Gerti,228,0,22,1,3949,1,11,1,37
Kerry,1323,1,8,1,2147,0,16,0,58
Cathryn,1233,1,24,1,960,1,18,1,55
Desiri,1630,1,13,1,2980,0,2,1,4
Dionisio,1724,0,13,0,2200,0,4,1,45
Yoko,1330,1,41,0,3755,0,14,0,34
Alena,739,0,36,0,3168,1,14,1,51
Amby,1634,1,36,0,1387,1,15,0,10
Devora,2519,0,34,1,3161,0,20,0,50
Reinold,1753,1,44,0,1372,1,18,1,45
Humphrey,2426,1,28,0,1465,0,9,0,52
Kalli,701,0,35,0,2876,1,22,0,44
Merissa,1035,1,33,0,1334,0,25,0,7
Martguerita,2188,1,1,1,1915,0,4,1,44
Martina,1457,1,33,1,3584,0,5,0,50
Chickie,26,1,8,0,539,1,10,1,39
Benedicto,1877,1,18,0,897,0,25,1,54
Edin,2675,0,22,0,2519,0,5,0,28
Zena,2509,1,31,0,544,1,24,1,42
Becca,2452,1,22,0,371,0,13,1,18
Mason,2429,1,14,0,1705,0,18,1,39
Gillan,993,1,11,1,1967,1,26,1,49
Jarrid,1232,0,47,1,2433,0,7,0,51
Cazzie,395,1,11,0,1770,1,22,0,2
Bret,132,1,46,1,3480,1,13,1,60
Babita,1313,1,42,1,257,1,9,0,48
Trumaine,1631,0,49,1,2908,1,1,0,15
Guinna,952,0,38,0,1035,0,26,1,11
Debi,2375,1,14,0,1146,1,25,0,33
Viki,2259,1,19,0,315,0,25,0,2
Serge,389,1,15,1,1393,0,13,1,1
Micheline,642,1,49,0,1231,1,8,1,19
Carrissa,237,1,12,1,2580,1,27,1,43
Shirlee,815,0,32,1,77,0,19,1,56
Dominique,1271,1,48,0,3004,0,13,1,40
Skelly,2092,0,48,1,2451,1,20,1,25
Cairistiona,2075,1,47,1,2415,1,25,0,43
Melitta,900,1,27,0,3487,1,27,1,32
Ardeen,1804,1,50,1,2747,1,9,1,51
Geoffry,2945,1,11,0,2793,0,28,0,58
Fredia,17,1,22,0,334,1,29,0,16
Aurel,2137,0,49,0,3037,0,20,1,5
Theodosia,1486,0,46,1,376,0,16,0,0
Enrica,781,0,45,1,2938,0,4,0,3
Claiborn,2001,0,19,0,2703,1,21,1,42
Ceil,2238,1,28,1,1683,0,13,0,3
Arlen,161,0,17,1,746,0,22,1,10
Boy,1719,1,16,1,514,1,15,0,20
Henry,1774,1,27,1,18,1,15,1,60
Tabatha,1379,0,48,1,2872,0,25,0,5
Thelma,2901,0,14,0,2931,1,13,1,28
Damon,888,0,44,0,3652,0,5,1,40
Darelle,1506,0,36,0,1989,1,24,0,10
Gerrie,2641,0,47,1,3672,1,13,1,18
Trudy,1500,0,1,0,2763,0,18,0,56
Philip,944,1,4,1,312,0,10,1,32
Roda,444,1,0,1,2776,0,11,1,50
Ricard,1475,1,39,0,3190,0,21,0,12
Nickolas,2279,0,27,1,1427,0,8,0,40
Ken,2634,1,34,1,467,1,8,1,12
Ambrosi,1168,0,7,1,2041,1,26,0,39
Rex,1722,0,47,0,1657,0,17,1,52
Marchall,31,1,22,1,1732,0,26,1,37
Raffaello,1891,1,19,1,1695,0,24,1,21
Kendell,409,1,44,1,671,0,13,0,11
Willetta,592,1,46,0,1775,0,13,1,25
Raphael,747,1,2,0,3190,1,27,0,23
Ettore,813,1,42,0,3805,0,6,1,1
Vikky,1993,0,20,0,1710,0,28,0,49
Kizzee,1986,1,38,0,556,0,20,1,58
Demetra,2735,1,21,1,2752,0,30,1,21
Dalston,1688,1,34,0,2165,0,17,0,39
Jaquelyn,281,1,12,0,336,1,18,0,52
Winfield,1139,1,2,0,88,0,29,1,14
Tamara,823,1,21,1,2259,1,9,0,39
Nanci,2714,1,5,1,724,0,15,0,16
Jameson,302,0,43,0,3333,0,18,0,49
Fabian,1557,0,35,0,2935,0,10,0,47
Shawnee,2307,1,45,1,2809,1,23,0,7
Ola,282,1,11,1,154,0,4,1,6
Hillyer,273,1,5,1,378,1,20,1,9
Vernen,1947,0,42,1,940,0,14,0,26
Wilmar,341,0,13,0,1519,0,20,0,22
Trixi,1745,1,21,1,71,0,23,0,47
Faina,310,0,5,0,3241,0,10,1,44
Quintana,362,0,24,0,2086,0,8,0,50
Neill,2070,1,11,1,21,0,23,1,33
Bren,869,1,15,1,1107,1,29,1,35
Flin,1331,0,41,1,2707,1,18,0,16
Therine,542,1,28,0,705,0,12,1,27
Alexia,136,1,23,1,2128,0,25,1,37
Robby,454,1,10,0,1354,1,18,0,28
Myranda,2213,1,31,1,1337,1,25,1,13
Edmund,712,1,20,0,3744,1,19,1,22
Britta,1212,1,26,1,1897,1,16,1,46
Hersh,1221,1,45,0,3758,0,8,1,55
Angelo,2689,0,25,1,3865,1,0,1,13
Kati,454,1,39,0,2719,0,21,0,19
Say,2696,0,24,0,3602,0,10,0,57
Jacobo,535,0,12,0,2276,1,21,0,11
Johnath,1640,0,4,1,2033,0,8,1,53
Sonnie,12,1,26,1,1946,1,26,0,55
Jake,114,0,12,0,1221,0,19,1,48
Bernardina,1669,1,5,0,1003,1,30,1,58
Jerrilyn,1920,1,24,1,3546,0,20,0,7
Adora,1497,0,46,0,2026,0,24,1,6
Holmes,804,0,28,1,3269,1,10,1,32
Conney,885,1,2,0,477,1,29,0,55
Randene,593,1,49,0,3638,1,24,0,29
Davis,466,0,33,1,3182,1,0,0,57
Donella,2813,0,38,1,148,0,15,0,9
Lonnie,2537,0,15,0,1120,1,13,1,4
Jennine,1297,0,49,0,1919,0,25,0,55
Dino,92,0,41,1,3890,1,19,1,7
Desdemona,2979,0,20,0,430,0,1,0,7
Griff,1995,1,1,1,2813,0,8,1,5
Vasili,520,1,40,1,3212,0,23,0,14
Isidoro,774,0,20,0,3857,0,15,0,34
Douglas,1779,1,16,0,146,0,13,0,8
Albertine,174,0,47,0,752,0,23,1,34
Mathe,1253,1,31,0,386,0,11,1,17
Molli,1088,0,49,0,937,0,12,1,3
Caleb,361,1,33,1,701,1,26,1,19
Jeannie,597,0,36,0,2149,0,7,0,15
Vitoria,2652,1,50,0,3956,1,23,1,48
Starlin,2345,1,39,1,2346,1,8,0,7
Coral,1397,1,41,0,2187,1,25,0,50
Donnell,1757,1,28,0,3692,0,25,1,15
Tonnie,2358,1,30,1,2117,1,17,0,15
Lotty,2744,0,34,0,1299,1,7,0,2
Lauryn,607,0,46,0,270,1,3,1,47
Andee,833,1,13,0,983,0,30,1,23
Trent,641,0,45,0,1767,0,23,0,55
Eulalie,488,1,40,1,3587,0,28,1,0
Aileen,578,1,44,1,875,1,4,0,48
Alexis,2048,1,38,0,1723,1,3,1,31
Bertie,1371,1,3,1,1434,1,8,0,44
Bevvy,2205,0,7,0,174,1,24,0,0
Sherm,2487,1,46,1,632,0,7,0,13
Noland,2455,1,31,1,1,0,2,0,13
Fleurette,2659,1,25,0,1449,0,13,0,42
Fina,2303,1,8,0,2633,0,12,0,5
Bella,2138,1,25,0,2267,0,29,1,16
Loralie,2058,1,44,0,2041,1,10,0,29
Maribel,2153,0,8,1,557,0,24,0,48
Lise,2753,1,32,0,1112,0,22,1,3
Nonna,2747,1,39,1,3149,0,17,0,21
Trstram,2750,0,42,1,1876,0,23,1,51
Germana,571,0,1,1,2445,0,3,1,22
Orren,2824,0,19,0,2081,0,30,1,58
Baird,372,1,10,1,3161,0,9,1,7
Eadmund,317,0,3,1,3724,1,5,1,43
Tabby,2486,1,14,1,1456,1,24,0,34
Parrnell,693,1,39,1,427,1,15,0,46
Tymon,2721,1,29,0,1491,0,27,0,20
Chandra,2798,0,37,1,1899,1,9,1,56
Wait,2536,1,33,0,611,1,24,0,45
Asher,2271,1,28,1,2450,1,29,0,44
Winnah,802,0,22,0,1094,1,12,1,34
Neilla,2950,1,6,1,2952,0,19,0,43
Alexandros,941,0,37,0,3380,0,11,1,43
Jerrilee,1204,0,2,0,922,0,19,0,18
Roddy,1003,1,5,1,3674,0,14,0,50
Kaylyn,2048,1,15,1,2683,1,8,1,54
Carie,2357,1,15,1,3401,0,19,0,49
Yorker,906,0,6,1,240,1,20,1,49
Oriana,2110,0,7,1,3116,0,20,1,59
Ced,2179,1,1,1,1226,0,6,0,55
Tanner,686,0,12,1,1456,1,3,1,55
Jeffie,901,0,42,1,886,0,22,0,59
Rhianon,1054,0,2,0,2270,0,25,0,5
Daveen,1711,0,17,0,778,1,7,0,23
Oates,1803,0,34,1,442,0,27,0,11
Andre,41,0,10,0,3606,0,0,1,29
Rosanna,2765,1,10,0,2090,0,30,0,52
Findlay,123,1,25,0,3121,1,10,0,56
Ofella,295,0,18,0,920,0,28,0,36
Orelia,2079,1,25,1,611,0,19,0,1
Jayson,2630,0,12,0,1750,0,8,0,48
Morris,384,0,6,1,1025,1,27,0,59
Gustavus,2704,1,24,1,3304,0,10,0,15
Kassia,442,0,30,1,131,0,7,0,41
Avigdor,2814,1,44,0,1757,1,20,1,28
Wilow,1606,0,27,1,3553,1,19,1,35
Janeva,2628,1,19,1,706,0,0,1,4
Dianemarie,1310,0,44,0,1353,1,19,1,5
Berget,1352,1,0,1,429,0,30,1,53
Sianna,2867,0,46,0,2735,0,26,0,13
Menard,1935,1,47,1,2788,1,8,1,34
Clarine,751,1,11,0,3466,1,29,1,4
Raina,1828,1,14,0,3581,0,22,1,55
Abby,2605,1,31,0,410,0,21,1,56
Sutherland,1514,1,2,0,3992,0,8,0,59
Roselia,2597,0,31,0,2416,1,15,1,44
Kassi,2911,0,31,0,1809,1,7,0,20
Iggy,1140,0,47,0,1689,0,9,1,39
Effie,2980,1,3,0,2826,1,25,0,53
Doralynne,108,1,17,1,2460,1,28,1,47
Franni,2659,0,40,1,1500,0,19,1,24
Cecile,291,0,9,0,1012,1,21,0,16
Kali,57,1,21,1,458,0,1,0,2
Kristofor,488,1,4,0,2047,1,24,0,44
Nari,1675,1,44,0,3881,1,15,1,39
Rebeca,1052,1,10,1,3629,0,25,1,49
Fredelia,154,1,32,0,966,0,30,1,29
Danyelle,128,1,32,1,2834,0,8,0,8
Sarette,255,0,27,0,3733,1,25,0,46
Morgun,2085,0,16,0,654,0,18,1,7
Sella,2658,0,49,0,3775,1,21,0,50
Dione,2767,1,16,0,2019,1,16,1,19
Odo,824,0,2,0,195,1,21,1,44
Sosanna,32,0,41,1,782,1,13,0,44
Curcio,1727,0,29,1,2134,0,18,1,37
Kailey,1671,0,35,1,2941,0,27,0,60
Alison,1719,0,13,1,231,0,11,1,12
Ermentrude,2658,0,30,0,2289,1,10,1,24
Aimil,1148,1,19,0,3856,0,15,1,20
Romonda,1569,0,38,0,3248,0,18,1,32
Renaud,2496,0,15,1,3986,0,12,0,52
Poppy,2594,0,3,1,3096,0,21,0,0
Christine,1727,0,38,1,2925,1,15,0,14
Lissi,2278,0,33,1,1723,1,14,0,23
Veda,361,1,16,0,3697,1,25,0,25
Thurston,2046,0,40,1,3795,1,12,1,52
Sasha,2783,0,18,0,1176,1,13,0,28
Barb,153,1,10,1,180,1,7,0,36
Lizette,1553,0,24,0,708,0,17,0,24
Suellen,2534,1,47,1,2060,1,7,1,48
Hort,1087,0,27,1,3072,1,5,1,27
Rycca,777,0,13,0,3088,0,27,0,3
Towney,2266,0,3,1,2606,0,11,1,4
Yalonda,1621,0,14,1,429,1,28,0,5
Pedro,306,0,10,1,119,0,26,0,12
Eldon,960,1,36,1,735,1,16,0,50
Truman,2341,1,38,1,465,1,2,0,56
Bax,405,1,2,0,1979,1,5,0,8
Adair,1318,1,41,1,2882,1,14,1,22
Grant,1103,0,43,0,3998,1,16,1,27
Lonnie,319,1,1,1,1525,1,15,0,39
Suzann,2918,1,37,1,3043,0,14,1,34
Godart,880,0,23,1,2490,0,11,1,8
Kathie,2647,1,26,1,2006,1,5,0,51
Salvidor,1335,0,45,1,2919,1,4,1,12
Ilaire,1327,0,0,0,121,1,1,1,47
Kincaid,2624,1,46,1,3767,0,22,0,11
Valeria,1189,0,40,0,396,1,25,0,52
Torrence,1550,0,19,0,770,0,11,1,30
Bonni,2965,1,8,1,1055,1,5,1,5
Harriet,2198,1,0,1,2578,1,12,0,39
Lamond,2400,0,46,0,880,0,3,1,17
Guendolen,2744,0,41,1,990,1,2,1,44
Rolland,1009,1,20,1,2248,1,4,0,60
Netty,813,1,6,1,1357,0,21,1,11
Shanon,33,0,44,0,301,0,26,1,50
Roxanna,1561,1,48,1,1768,0,29,0,40
Neil,2551,1,20,1,2686,1,23,1,30
Nikki,848,1,22,0,3921,1,12,1,28
Kirby,692,0,16,1,333,1,21,1,26
Shermie,50,1,8,1,2338,1,2,1,44
Violetta,277,1,35,1,355,0,6,1,8
Candi,1928,0,29,1,2988,1,17,0,52
Gerrie,726,1,47,1,3712,0,5,0,19
Lesley,1826,0,44,1,3968,0,7,1,16
Abby,2120,0,12,1,3542,1,16,0,35
Thorn,15,0,18,0,1784,1,12,1,4
Sibyl,92,0,42,1,2233,1,7,1,38
Alyson,2372,1,37,1,3074,0,13,0,49
Rafa,1236,0,42,1,3070,1,13,0,8
Cornelia,1038,1,16,1,3442,1,26,0,15
Kamila,2008,1,20,0,2841,0,18,0,26
Basilius,1364,1,2,1,1412,1,27,0,11
Alexio,2562,0,44,0,1015,1,15,1,0
Phyllida,395,1,6,1,3016,1,14,1,23
Melli,434,0,9,0,856,1,4,1,42
Lianne,863,1,3,1,166,1,7,0,34
Stearne,1959,0,4,1,2231,1,19,0,23
Mozes,877,0,21,1,1940,1,15,0,9
Wanids,2537,1,36,1,3020,1,12,1,44
Shae,1488,1,1,0,701,1,17,0,21
Lesley,2601,1,5,0,1486,0,16,1,2
Chrisy,1367,1,43,1,1276,1,10,1,32
Delmore,1091,1,31,1,2616,0,30,1,4
Geraldine,824,0,44,1,313,0,20,0,26
Tito,850,0,15,0,3463,1,27,1,46
Bessy,1042,0,0,1,1037,0,17,1,30
Maurene,2937,0,48,0,2692,0,1,0,16
Giovanni,2171,0,33,0,669,0,24,0,13
Cory,2406,0,43,1,347,0,29,1,11
Jaine,2857,1,46,0,1432,1,19,0,17
Andonis,748,0,31,0,209,0,7,1,45
Annette,2207,0,18,0,2800,1,9,0,52
Thaddus,1837,1,39,0,847,1,8,0,46
Frederik,2901,1,33,1,2440,0,26,1,18
Garwood,861,1,40,1,2146,1,4,0,1
Alameda,103,1,30,0,740,0,19,0,28
Freddie,935,1,44,1,1519,1,4,1,36
Vivyanne,16,1,23,0,1141,0,27,0,60
Xena,1303,0,47,1,2472,0,9,0,57
Laetitia,1359,1,18,1,765,1,2,0,16
Matilda,11,0,48,0,1803,1,22,0,36
Nicky,2947,0,45,1,1923,1,27,1,49
Yancey,836,0,10,1,3718,0,15,1,13
Thain,2674,0,39,1,1826,1,9,0,36
Reed,1583,1,40,1,2417,1,8,0,26
Erinn,1637,1,0,0,33,0,8,1,50
Umeko,2500,0,16,1,2732,1,30,1,37
Cariotta,2055,1,41,1,942,0,11,1,56
Ram,233,1,45,1,3029,1,21,1,17
Adelaida,2657,1,33,1,3620,1,5,0,42
Kelsy,2998,0,34,0,2476,0,9,0,8
Truman,2810,1,44,0,3932,1,20,0,31
Drake,954,0,36,0,3614,1,18,1,33
Morly,2376,0,6,1,1280,0,29,1,15
Rosalyn,2854,0,23,0,1926,0,30,0,27
Casar,1801,0,12,0,1993,0,20,0,30
Kandy,2300,0,15,1,3,0,28,0,50
Garald,2705,1,10,1,555,1,19,0,18
Benson,1815,1,21,0,2575,0,22,0,35
Annissa,857,1,43,1,2426,1,10,0,46
Gabriel,1268,0,35,0,65,0,12,1,22
Jerrie,2042,1,49,1,2160,0,1,0,1
Beatriz,2221,1,42,1,2797,1,13,0,44
Erastus,1252,1,42,1,2631,0,25,1,30
Dew,2117,1,13,0,2479,1,15,0,24
Ilsa,968,0,23,1,3585,1,27,1,50
Ettie,901,1,42,1,96,1,0,1,56
Teodorico,2140,1,39,0,1198,0,13,1,16
Christophe,303,0,33,1,3151,1,2,1,33
Baxter,678,1,20,0,982,1,8,1,25
Joyan,388,1,46,1,1827,0,20,0,53
Jedidiah,1996,1,29,0,3318,0,27,1,48
Keefe,443,1,45,0,1104,1,12,1,0
Jobi,823,1,47,1,2243,1,6,0,22
Tamiko,709,1,23,1,2976,1,14,1,30
Marcos,2476,0,30,1,1477,0,28,0,33
Teirtza,2668,0,44,1,2475,1,8,0,50
Ellette,2315,0,34,0,1903,1,16,0,12
Dedra,111,0,46,0,1902,1,11,1,24
Junette,603,1,21,1,1071,0,19,1,53
Tedi,1039,1,49,1,3831,0,17,0,52
Fraze,782,1,26,1,509,1,3,0,26
Vitia,1318,1,43,0,3354,1,20,1,29
Hebert,780,1,19,0,1216,0,16,1,55
Fawne,2943,1,31,0,3104,0,10,0,59
Gianina,2176,1,27,0,2033,0,19,0,19
Paige,2186,1,44,1,3014,0,13,0,32
Nolan,1182,1,49,1,812,1,16,0,14
Roberta,1806,0,48,0,2040,1,19,1,39
Filia,2280,0,49,0,3625,0,21,1,57
Hermina,1718,0,31,0,632,0,28,1,33
Mackenzie,2616,1,40,1,1101,0,11,1,21
Mattie,1826,0,19,0,3372,1,14,0,23
Sheri,2270,0,36,1,3511,0,6,1,47
Alwin,1889,0,30,0,3752,0,21,0,56
Maggi,1661,0,36,0,2544,0,12,0,41
Agnella,2190,0,40,0,3819,1,20,0,43
Valdemar,1948,1,28,1,1761,0,1,1,2
Lisha,1137,0,7,0,60,0,11,1,37
Edna,555,1,4,0,3986,1,8,0,56
Julie,2640,1,43,0,1519,0,29,1,24
Godiva,2714,0,40,1,3706,1,28,0,19
Bennett,1833,1,13,1,1201,0,28,1,5
Sanderson,2195,1,25,1,385,1,18,0,42
Esteban,2891,0,9,1,3836,1,12,0,29
Mic,657,1,25,1,2494,0,13,0,27
Winnah,80,1,30,0,194,1,2,0,44
Theresita,1606,1,28,1,1640,0,17,0,38
Gianina,1298,1,41,1,483,0,28,0,45
Theodora,992,1,50,0,3530,0,9,1,3
Cacilia,1624,1,27,0,3255,0,5,1,40
Renie,1106,1,38,1,371,1,29,0,32
Shermie,437,0,23,1,1870,0,25,1,58
Clementius,1932,0,50,1,3522,1,0,0,31
Susanne,1812,1,14,1,2489,1,9,1,50
Theresina,2720,0,20,0,1486,0,12,1,34
Carla,2634,1,26,1,3174,0,11,1,12
Christiana,2290,0,12,1,3273,1,8,0,32
Cristina,2958,1,1,1,1308,0,12,1,23
Marnia,2267,0,3,1,3548,1,23,1,56
Pamelina,1926,1,44,0,3288,1,11,1,4
Yardley,2135,1,37,0,2425,0,19,1,39
Maurine,1836,0,27,1,773,0,9,0,54
Weidar,2251,1,31,1,3567,0,7,0,11
Saba,1115,1,26,0,1857,1,29,1,51
Alexandrina,1021,1,41,1,2711,0,12,1,49
Madella,2379,1,12,1,1851,1,13,0,45
Gretna,401,1,1,1,46,1,3,0,34
Far,636,0,0,0,296,0,12,1,17
Willie,938,1,5,1,2976,1,25,0,5
Bianca,339,1,37,0,3326,1,17,0,20
Herc,573,1,28,0,584,0,28,0,59
Nance,1752,0,0,0,3008,1,12,1,51
Dimitry,934,0,46,1,3880,0,18,1,34
Elliott,911,1,22,1,2905,0,13,1,3
Gaspar,233,1,48,0,1565,0,1,0,14
Tasia,2767,1,38,1,3455,1,25,0,4
Skelly,483,0,48,1,1525,1,20,0,52
Merry,2694,1,31,1,3856,1,22,0,30
Rozella,625,1,40,0,2939,0,9,0,49
Jacquelin,1836,1,17,1,3574,1,7,0,13
Sasha,650,1,33,1,2249,1,10,0,18
Hollie,984,0,43,1,3810,1,14,1,37
Gillie,1430,0,31,0,3898,1,27,1,29
Melodee,860,1,47,0,1463,1,6,0,19
Hettie,2979,1,27,1,2601,1,14,0,4
Serene,2395,0,45,0,1297,0,5,0,58
Rodd,2903,0,35,0,1028,0,15,1,1
Britni,865,0,3,0,3376,0,12,0,48
Abbye,470,0,24,1,2566,0,22,1,40
Rory,782,0,25,0,541,0,9,0,33
Editha,2919,1,31,1,2338,1,10,0,42
Angeli,229,1,43,0,1349,0,24,1,24
Tera,396,1,12,0,824,0,25,1,14
Rafaelia,2143,1,50,1,2344,0,19,1,37
Duky,2513,1,10,0,337,0,26,1,2
Jobyna,2799,1,19,1,3120,1,26,0,20
Kaspar,1297,0,9,1,391,0,10,0,31
Ayn,389,1,49,0,3238,1,17,1,7
Ronny,429,0,44,0,2717,0,24,0,18
Estele,2602,0,28,0,1412,1,6,1,59
Malinda,983,0,6,1,2854,0,9,0,22
Claretta,2751,1,47,1,2862,1,1,0,18
Carol-jean,853,0,26,1,91,0,15,1,31
Alistair,2232,1,17,0,2377,0,23,1,51
Chandra,991,1,7,1,2607,1,6,1,42
Kinny,2033,0,31,0,2271,0,28,0,58
Whitney,1480,1,45,0,2815,0,23,1,30
Calvin,1277,0,7,0,2027,0,6,0,21
Fielding,42,0,16,0,207,1,11,1,19
Dani,2276,0,0,0,2816,1,25,1,0
Rhodie,553,1,40,1,1048,1,22,1,5
Myron,2505,0,13,0,2648,0,16,1,59
Mead,750,1,12,0,3485,1,4,0,26
Vinny,576,1,31,1,2806,0,20,0,38
Sharai,653,0,36,0,2056,0,24,1,32
Worden,2518,1,44,1,3131,1,11,1,31
Bentlee,12,1,34,0,351,1,2,1,44
Noble,1714,1,42,0,3764,1,3,1,44
Olimpia,918,1,19,0,2441,0,19,1,27
Rourke,1560,0,2,0,2086,1,29,1,44
Ailyn,919,1,46,0,3328,0,1,0,40
Andriette,1131,0,45,1,691,1,17,1,2
Orel,2960,0,33,0,1685,1,16,0,13
Stephen,768,1,12,0,2867,0,12,0,43
Fernandina,1389,1,33,0,538,0,19,0,5
Jody,1820,1,15,1,3351,1,26,0,54
Erick,1691,0,8,1,3094,0,15,0,15
Lilas,2767,0,21,1,1865,1,23,0,54
Matias,1880,0,50,1,1145,0,7,0,59
Burtie,325,0,14,0,1096,1,26,1,46
Milissent,2517,1,41,0,2245,0,27,0,22
Clarie,2489,0,43,0,1300,0,19,0,32
Tommi,1281,1,44,0,57,1,11,1,4
Derick,1072,0,5,0,3940,0,21,0,55
Aurelie,337,0,46,1,1413,0,8,0,36
Natalee,2441,1,43,1,2287,0,2,0,37
Laurene,572,1,35,0,2028,1,24,0,27
Egbert,2967,0,11,0,3036,1,27,0,29
Coraline,2181,1,38,0,1886,0,3,1,31
Sheryl,2571,0,1,0,1788,0,2,1,8
Benn,2072,0,43,0,1667,0,30,1,7
Ki,2986,1,40,1,879,0,26,0,41
Philippine,799,1,41,1,3452,1,27,0,49
Terrell,446,0,45,1,823,0,20,0,13
Vanni,1799,1,38,1,2901,0,10,0,10
Jake,440,0,11,1,3115,0,10,1,50
Sibylle,2394,0,36,1,2472,0,13,1,35
Lewes,434,0,15,1,3982,0,3,0,54
Laura,1540,0,24,1,3100,1,13,1,39
Eve,2042,0,18,1,2748,0,13,1,32
Leanna,2746,1,27,1,681,0,14,1,14
Bryn,1739,1,33,0,350,0,3,0,32
Sal,990,0,16,1,840,1,2,0,34
Damara,2383,0,19,1,1328,0,15,1,53
Aurie,626,1,49,1,2963,1,26,0,28
Cary,236,1,18,0,2067,1,22,0,53
Mella,2052,1,9,1,332,1,28,0,11
Avictor,2504,1,41,0,528,1,3,0,10
Joannes,2759,0,4,0,1848,0,12,1,27
Terri,2031,0,44,0,2755,0,26,0,52
Aguistin,2210,1,2,0,3590,1,11,0,37
Claiborn,530,0,23,0,845,1,21,1,43
Simone,2775,0,46,1,528,1,24,1,31
Laverne,580,0,20,1,3962,0,28,1,53
Adelheid,1561,0,27,0,2585,1,5,1,58
Leeland,103,0,1,1,1841,1,21,0,53
Ramon,613,1,6,1,3196,0,14,0,28
Blondelle,386,1,28,0,784,1,14,0,15
James,527,0,22,1,3688,0,12,1,14
Kania,1590,1,26,0,1488,1,19,0,14
Darius,1922,1,43,0,392,0,5,0,42
Halette,1418,0,49,1,3366,1,7,1,48
Dixie,1744,0,9,0,2641,1,24,0,43
Masha,610,1,40,1,3803,1,19,0,1
Weston,1735,1,33,0,1362,1,16,0,1
Jacintha,148,0,29,1,2076,1,13,0,48
Ermanno,810,1,45,0,776,1,11,0,14
Eulalie,1800,0,1,1,2720,1,26,0,55
Roxie,1241,0,30,1,258,0,12,1,27
Winnie,212,0,19,1,606,0,8,0,57
Ellerey,1001,0,45,1,1838,1,25,0,49
Lynn,706,1,11,0,633,1,18,1,24
Roze,2882,1,47,1,2456,1,13,1,9
Jeannette,2172,1,48,0,3891,1,20,1,1
Maddie,1277,0,31,0,3213,0,28,0,24
Marlo,1810,1,35,0,758,1,13,0,49
Jennilee,1643,1,27,0,3458,0,16,1,14
Margarete,2590,1,47,0,1131,0,4,0,19
Demetra,2775,1,3,1,916,1,30,0,19
Ashlie,2160,0,47,1,596,1,21,0,38
Glen,1309,1,28,0,2935,0,15,0,52
Vin,1602,0,10,1,165,1,8,0,11
Roderic,683,1,27,0,353,1,5,0,60
Kalila,1959,0,4,0,1918,1,13,0,57
Anthea,34,0,31,0,3001,0,0,0,48
Leeland,115,0,30,0,1243,1,6,0,38
Katey,1816,1,24,1,176,0,16,1,30
Lurleen,2541,0,19,1,1903,0,26,1,18
Elfreda,2286,0,16,1,2490,1,18,0,20
Gaye,2370,0,40,1,1535,0,23,0,49
Sam,1032,0,26,0,3501,1,2,1,10
Valry,1705,1,8,0,2954,0,26,1,39
Philippe,863,1,10,0,2021,1,20,1,42
Yankee,355,0,39,0,700,1,5,0,6
Alta,2089,1,17,0,1870,1,28,1,39
Emyle,845,1,25,0,2386,0,29,0,29
Lita,1384,0,44,1,869,1,28,0,57
Alayne,2178,1,39,0,1155,1,25,1,50
Mab,1577,0,19,1,2444,1,26,0,47
Vinny,1449,0,27,0,2967,0,19,1,45
Doralia,2342,0,41,0,2927,1,0,0,58
Carolus,471,0,26,1,3720,0,30,0,40
Timi,1804,0,47,1,2365,0,21,0,18
Odille,1168,0,3,1,3698,1,0,0,59
Tammie,91,1,1,1,3175,1,6,0,60
Margarete,1716,0,15,1,110,1,10,0,23
Tallia,2470,0,45,0,3563,1,4,0,40
Giana,2430,0,0,1,1586,0,9,0,25
Caspar,2682,0,48,0,2802,0,30,1,37
Blondy,2983,1,37,0,93,0,14,0,53
Sher,823,1,18,0,1020,1,23,0,31
Anabella,1274,0,41,1,3158,0,3,0,40
Eal,2702,1,12,1,3664,1,25,1,51
Damien,2197,0,26,1,3087,1,18,0,52
Hallsy,2624,0,25,1,3905,1,5,0,52
Ephrayim,2508,1,37,0,2959,0,15,0,18
Eba,452,0,2,0,2228,0,8,1,45
Zollie,796,1,12,1,1488,1,8,1,30
Jorge,528,1,37,1,3991,1,7,0,32
Marius,1388,1,45,0,3675,1,25,0,3
Othello,1138,1,26,1,3085,1,26,0,26
Roobbie,571,1,44,1,3089,0,26,0,29
Lily,1380,0,20,0,3448,1,4,0,23
Woodman,2725,1,40,0,2985,0,12,1,50
Valina,2662,0,16,0,2282,1,1,1,10
Jennee,2030,0,12,0,3893,1,26,1,17
Erek,822,1,20,0,3087,1,5,1,15
Welbie,1003,0,40,0,2327,1,26,0,59
Colet,1913,1,30,0,569,0,23,0,43
Breena,35,0,16,1,2910,0,16,1,14
Maddy,912,0,27,1,3670,0,9,1,26
Fancie,352,0,41,0,3231,0,14,1,5
Cosme,874,0,22,1,3494,0,23,0,37
Nanni,2765,1,29,1,3753,1,26,0,25
Blancha,881,0,34,0,1375,0,21,0,8
Marlowe,51,0,24,1,2324,0,28,1,32
Johna,816,1,13,0,1245,1,15,0,56
Eric,2797,0,33,0,3438,0,14,0,1
Gav,512,0,19,0,1727,1,10,0,45
Lindsey,93,1,38,0,3811,0,9,1,36
Myra,2142,1,12,0,369,0,22,1,20
Eleanora,798,0,2,0,2861,0,4,0,18
Cassie,1666,0,5,0,3147,1,30,1,3
Laetitia,545,1,32,0,1414,0,24,1,17
Tully,2920,1,40,1,3172,1,17,0,5
Clarey,1878,1,5,1,492,0,17,1,50
Abrahan,2271,0,40,0,1857,0,16,1,36
Jake,2307,1,4,0,2945,1,20,1,31
Pren,1080,1,0,0,2551,1,3,0,8
Drusi,1620,1,30,0,1218,0,29,1,34
Elke,1829,0,1,1,1574,0,12,0,4
Juieta,2348,1,39,0,1314,0,28,0,49
Audry,1425,0,1,0,2660,1,30,0,6
Homere,2318,1,47,0,226,0,20,0,2
Gare,135,0,31,1,218,1,18,1,34
Jereme,1285,0,24,0,1671,0,21,0,51
Star,2468,1,2,0,455,1,7,1,55
Chic,2779,1,50,0,1421,1,29,0,14
Jeanette,2568,0,3,1,314,1,16,1,56
Sadye,412,1,4,0,686,1,29,0,46
Reginauld,1072,1,23,0,948,1,4,0,8
Burty,286,0,29,1,2989,0,27,1,30
Allyn,1433,1,5,0,2503,0,10,1,56
Shae,845,0,11,0,1373,1,28,0,41
Noreen,72,1,19,0,3957,1,4,0,55
Jasmina,887,0,17,1,393,0,1,0,2
Jenni,576,0,2,1,2026,1,3,1,37
Lexis,1564,0,36,0,947,0,24,0,20
Cristionna,221,0,25,0,1707,0,0,0,58
Isabeau,1712,0,32,0,3879,1,4,1,7
Hirsch,450,0,49,1,275,1,16,0,46
Cammy,1829,0,38,0,1809,0,0,0,21
Emogene,1474,0,38,0,2170,1,0,0,39
Ekaterina,2799,1,28,0,1200,0,25,1,53
Eliza,2670,0,8,0,545,0,25,0,32
Madel,2365,1,46,0,2554,0,2,1,22
Valida,906,0,6,0,3230,0,28,0,46
Nessy,1285,0,34,0,2994,1,7,1,24
Felisha,936,1,2,0,2144,1,25,0,33
Ella,2275,0,23,1,2203,1,3,1,5
Fionnula,986,0,12,1,3730,1,27,0,51
Millie,12,0,44,0,1808,1,8,1,58
Rex,344,1,42,0,2017,1,16,0,9
Vail,413,0,23,1,2564,1,16,1,39
Alexa,1358,1,48,0,2907,0,4,0,1
Tania,1141,0,12,1,3665,1,9,1,8
Brod,2844,0,36,0,2929,1,17,1,35
Bellina,796,0,38,1,3172,1,1,0,7
Murry,2048,1,47,0,2663,1,30,1,55
Alis,488,0,27,1,708,0,29,0,10
Jacobo,2666,1,23,0,3764,1,9,0,16
Whitaker,363,1,45,1,736,1,0,0,19
Brnaby,2148,0,49,1,1538,1,9,0,59
Willy,776,1,6,1,2980,0,0,1,25
Conny,1340,0,40,0,3334,0,12,1,1
Rubetta,2806,0,28,0,2274,1,2,0,54
Noby,2402,0,11,0,421,1,20,0,17
Aldus,332,0,15,1,2657,1,9,1,21
Xavier,309,0,46,1,2096,1,13,1,1
Tait,287,1,27,1,3445,0,15,1,27
Yule,328,1,18,0,3610,0,0,1,47
Koressa,1788,0,46,1,3391,1,24,1,59
Fabian,207,1,14,0,3620,1,11,1,4
Waite,915,1,1,1,1189,0,9,0,47
Maryann,2623,1,29,1,1377,0,23,0,33
Lonee,2978,0,28,0,3209,1,6,1,28
Royce,1686,0,49,1,3235,0,9,0,43
Gordy,2714,0,9,1,1185,0,5,0,28
Claire,2751,0,26,0,3661,0,1,0,15
Meggy,1420,0,43,0,3288,0,30,0,43
Ingaberg,2935,0,31,1,379,1,17,1,34
Aundrea,1383,1,31,0,180,1,10,1,35
Falkner,1879,0,22,1,1252,1,25,0,47
Zonda,1174,1,17,1,2582,1,18,0,32
Currie,2823,0,8,0,990,0,4,1,7
Isidora,45,1,40,0,1626,1,5,1,28
Cissiee,1349,0,1,1,2246,1,28,1,60
Charla,354,1,37,0,370,0,28,1,56
Emmalee,1687,0,2,0,849,0,1,0,23
Vern,645,0,43,0,1097,0,17,0,33
Ellswerth,1528,1,17,0,1096,0,21,0,56
Ferdie,1982,0,42,0,248,0,16,1,2
Eli,547,1,41,1,2615,1,18,1,54
Immanuel,2779,0,23,1,3170,0,2,1,9
Moses,2082,0,20,0,2670,0,1,0,39
Gwennie,1041,1,42,0,133,1,15,0,47
Joete,172,0,20,1,17,1,26,1,28
Tab,1311,1,43,0,973,1,0,0,50
Clemence,1467,1,34,1,2414,0,9,1,32
Hamnet,753,1,6,1,1415,1,22,1,29
Alden,926,0,27,0,913,1,30,1,13
Sallee,1934,1,35,0,3999,1,0,0,29
Sampson,1937,1,15,1,1370,0,20,0,1
Salomon,1747,0,8,1,3550,1,11,0,32
Graeme,2147,1,3,1,3925,0,6,0,57
Tiff,1550,0,34,0,1359,1,7,1,15
Orelie,1856,1,1,1,329,0,13,0,3
Abrahan,1297,1,8,0,929,0,18,0,51
Franz,502,0,42,0,1186,1,18,1,38
Danell,1395,0,28,1,3088,1,4,0,4
Carlota,646,1,36,0,2103,1,20,0,22
Stearn,716,0,44,0,2275,1,28,1,0
Isabelle,1825,0,0,0,632,1,0,1,19
Lazaro,938,1,42,1,1951,0,5,1,4
Ches,662,1,3,0,3282,1,10,0,32
Theressa,621,0,15,1,1863,1,12,0,42
Jillian,1559,0,32,1,3436,0,6,1,17
Conni,909,0,35,1,3967,0,28,1,15
Rica,1034,0,23,0,3575,1,5,0,25
Kermy,2155,1,26,1,1500,1,26,1,45
Vilhelmina,2116,0,35,1,1586,1,24,1,55
Korella,933,0,42,0,2560,0,1,1,59
Reynard,540,0,21,0,1362,1,22,1,45
Bevin,2252,1,31,0,2980,0,22,0,19
Cherianne,562,0,47,1,2053,0,2,0,52
Thadeus,2770,1,1,0,3430,0,8,0,56
Dasya,1728,0,36,1,1845,1,23,1,31
Amalle,2789,1,37,0,919,0,2,0,32
Stanford,4,1,50,0,240,0,22,1,57
Robenia,1580,0,35,1,2951,0,27,1,51
Samuel,2281,1,26,0,3176,0,25,1,28
Merle,1101,1,45,1,3810,1,29,1,19
Collin,1624,1,20,0,2825,1,16,1,23
Cassandry,2353,1,12,0,370,1,17,0,43
Jillayne,2843,0,23,1,976,1,14,1,58
Becka,980,1,39,0,1940,0,20,1,39
Hestia,2256,1,47,0,2150,0,20,1,15
Herold,1615,1,13,0,228,0,1,0,52
Waiter,1621,1,30,0,3267,1,23,1,31
Arvie,273,1,30,1,1884,0,17,0,20
Kurt,51,1,29,0,1613,1,15,0,57
Etti,688,0,31,0,1448,0,22,1,29
Cornall,1637,0,50,0,2124,1,25,1,40
Sholom,716,0,7,1,373,1,25,1,3
Basile,2018,0,40,0,385,0,24,0,6
Dante,1106,1,25,1,3056,1,17,0,19
Fredericka,1811,1,20,1,2811,0,26,0,1
Kandace,679,0,19,1,1885,0,7,1,42
Alonzo,2319,0,15,0,2033,0,0,0,30
Abbye,614,1,9,1,2256,0,1,1,42
Elora,2377,1,8,0,1012,0,28,1,59
Maryanne,1757,0,42,1,611,0,27,1,30
Rozalie,1069,1,35,1,3313,0,25,0,28
Sarene,1260,0,18,1,1234,0,1,0,16
Damaris,1472,0,24,1,3460,0,20,1,16
Darb,1958,0,5,0,250,1,26,0,15
Lelah,1387,0,13,1,366,0,1,1,32
Antoine,2842,1,18,1,1196,1,13,0,47
Mose,256,0,14,0,502,1,18,1,14
Erena,2756,0,40,0,349,0,10,1,11
Janessa,1265,0,0,0,3404,1,4,0,0
Wanids,2352,1,4,0,313,1,28,1,34
Stephanie,2540,0,44,0,3804,0,12,0,15
Debi,1817,0,2,0,3328,0,29,1,19
Kingsley,1808,0,50,1,2271,1,23,0,49
Marty,2485,0,5,0,3297,1,15,1,27
Sydelle,2742,1,33,1,212,1,26,1,31
Pattin,1528,1,41,1,4000,1,18,0,57
Codie,2885,1,40,1,2806,1,26,1,51
Gerty,323,0,37,0,3101,1,25,0,3
Hastie,1639,0,0,0,3182,0,1,0,48
Hannis,2952,1,21,1,1509,1,0,0,5
Mart,2959,1,34,1,3483,0,2,0,5
Jada,2193,0,44,0,2453,0,11,1,14
Lynnelle,1983,0,23,1,1909,1,17,1,33
Selene,2236,1,25,1,102,1,21,0,39
Morgan,2409,1,22,1,135,1,9,1,3
Cecily,2114,0,0,1,3204,1,16,0,32
Kelsy,795,1,6,1,696,0,17,1,12
Gwenora,2912,0,7,1,3718,0,18,1,29
Diane,2813,0,42,1,1025,0,3,1,24
Vida,2817,1,47,1,632,1,8,1,25
Gunner,1989,0,12,0,3683,0,4,1,25
Aube,2125,0,0,1,2788,0,20,0,51
Camala,932,0,4,1,2051,1,14,0,7
Denys,1503,0,25,0,3838,1,2,1,11
Aile,2724,1,42,1,1202,1,3,1,3
Catarina,1042,0,3,0,1691,0,8,0,43
Bonnee,976,1,29,0,3778,1,0,0,36
Ailsun,1161,1,6,0,799,0,27,1,15
Nevin,2994,0,34,1,3441,1,27,0,34
Hadlee,1530,1,3,1,2923,0,27,0,26
Chevy,21,0,39,1,2152,1,9,0,24
Bobinette,1873,0,1,1,3118,1,13,1,55
Chrissy,463,0,26,1,3086,0,3,1,49
Ardine,2130,1,23,0,1886,1,2,1,43
Seth,2820,0,46,1,185,1,4,1,9
Edith,2821,1,33,0,91,0,12,0,27
Tobey,105,1,21,1,2488,0,8,1,28
Lorant,2595,0,17,1,2835,0,0,1,44
Merilyn,691,0,39,1,637,0,19,1,31
Star,2342,1,44,0,2814,0,16,0,21
Wainwright,2251,0,12,0,549,1,19,0,23
Gianina,2656,0,3,1,477,1,2,0,6
Allsun,1333,1,19,0,1499,0,8,0,32
Samuele,628,1,3,1,1254,1,17,0,41
Valry,1320,1,28,1,1918,0,4,1,6
Berget,2076,0,30,0,2767,1,3,1,53
Patti,2974,0,32,0,3632,1,5,1,1
Paule,1408,0,9,0,67,1,27,1,44
Kristo,1089,0,7,1,1404,0,14,1,35
Fedora,1035,0,2,0,2360,0,17,0,56
Lola,2268,1,31,1,2860,0,14,1,48
Coralie,2175,1,13,0,2041,0,6,0,36
Malinde,556,0,10,1,3840,0,28,0,27
Clyde,1158,1,41,0,1112,1,11,1,56
Lidia,625,1,45,1,830,0,22,0,34
Winnie,2894,1,6,1,766,0,24,1,16
Danielle,1698,1,25,0,3980,1,21,0,36
Ker,2205,0,42,1,1480,0,12,1,28
Jdavie,416,1,41,0,2764,0,12,1,7
Leann,394,1,38,1,2025,1,2,0,37
Sidonia,1384,1,49,1,405,0,23,1,52
Berti,1807,0,6,0,1953,1,16,1,10
Alissa,561,1,1,1,561,0,22,1,38
Damara,2766,1,36,1,345,1,12,1,1
Adah,2417,0,5,0,837,1,18,1,7
Joann,91,0,32,0,3521,1,30,0,46
Fritz,2782,1,17,1,1072,1,21,0,10
Arlyn,203,0,12,0,2299,1,15,1,34
Stanton,2744,0,10,1,97,0,18,0,9
Laina,2570,0,47,1,491,0,25,0,17
Marylee,1740,0,5,1,1384,0,11,1,2
Helli,5,0,14,0,2625,0,2,0,13
Fredrick,1893,0,39,0,2418,0,6,1,58
Imogene,731,0,3,0,2851,0,2,1,41
Homerus,272,0,2,0,2615,0,22,0,47
Tilda,2457,1,11,0,1566,1,17,0,47
Dael,2740,0,44,0,3971,0,8,0,34
Dyana,1563,1,20,1,2336,1,19,1,6
Emmy,1490,0,4,0,963,1,30,0,43
Hedwig,2670,1,46,1,648,1,27,0,49
Zita,1658,0,20,0,1302,0,17,1,53
Morgun,1467,0,5,0,3240,1,12,0,44
Christa,320,1,9,1,2230,0,11,0,41
Gelya,200,1,38,0,3180,1,3,1,23
Marsha,2830,0,45,1,3223,1,22,1,14
Eduardo,299,0,4,0,3304,1,29,1,20
Lexi,376,0,49,0,3798,0,8,1,39
Abran,2432,0,19,1,244,1,3,0,14
Evangelina,2146,1,45,1,88,1,19,1,19
Bride,2241,0,14,0,2960,1,4,0,33
Mellisent,261,1,30,1,3758,1,10,1,19
Dill,1422,0,31,0,2824,0,9,0,23
Hillary,2581,0,49,0,1528,0,2,1,12
Gordie,745,1,18,1,3119,0,19,1,7
Brittni,871,1,28,1,2855,0,16,1,55
Coreen,1741,0,45,0,97,1,29,1,44
Gretta,2449,1,12,0,2485,0,2,1,3
Babette,21,0,11,0,2759,1,28,0,38
Egbert,172,0,0,1,3889,1,0,1,17
Lydon,606,1,20,1,70,1,15,0,23
Meridith,2303,0,0,1,3827,1,3,1,52
Dredi,2826,1,18,1,2093,1,25,1,34
Jasen,1586,0,3,0,3608,1,13,0,24
Carita,845,1,40,0,1833,1,3,0,22
Kiersten,2491,1,16,1,1508,1,30,1,10
Nicko,872,1,17,0,1014,0,19,1,2
Constancy,16,1,8,1,1112,0,12,0,33
Othilie,385,0,36,1,3961,1,2,1,42
Jocelyn,1961,1,38,1,3828,1,28,1,56
Nikolaus,2732,0,30,1,599,1,25,0,6
Cam,1548,1,6,0,143,1,0,1,50
Fidelia,1643,1,3,1,1972,0,22,1,50
Willetta,1430,0,15,1,268,1,11,0,28
Jolie,937,0,0,0,787,0,24,1,26
Tiena,579,1,49,0,1073,0,1,0,9
Bert,2700,1,43,0,2691,1,28,0,53
Trula,431,1,3,0,172,1,24,0,6
Glory,548,1,13,1,205,0,13,0,46
Tresa,901,0,1,0,3431,1,16,0,13
Jo-ann,1943,0,48,1,1246,0,7,1,31
Jacobo,690,0,29,0,67,1,17,0,22
Pierette,2663,0,11,1,3283,0,2,1,1
Benny,737,0,23,1,1924,0,27,1,45
Jessamyn,2878,0,3,1,594,1,28,1,10
Brennen,2738,0,13,0,3642,1,28,1,46
Neala,1088,0,16,1,160,0,30,1,52
Elene,2593,1,15,0,653,1,5,0,60
Eleonora,2660,0,31,1,3284,0,7,0,31
Zollie,663,0,20,1,1066,0,22,0,13
Melinda,285,1,34,0,1171,0,2,0,17
Joceline,461,0,50,0,2189,1,15,0,29
Keely,1980,1,32,1,359,1,11,0,56
Rubin,1463,1,5,0,345,1,17,1,52
Sallyann,2880,0,41,1,2919,1,4,1,38
Alf,2629,0,20,0,1453,0,15,0,46
Kanya,2722,1,38,0,1664,0,30,1,14
Cassaundra,196,0,50,1,2657,1,3,1,37
Janette,1179,1,0,0,3989,0,1,0,36
Florette,2880,0,26,1,2997,1,13,1,17
Maiga,82,1,19,0,1994,0,28,0,11
Doroteya,1968,1,40,0,2052,0,1,0,59
Antonio,2317,1,47,1,3380,1,20,1,25
Clem,1211,0,50,1,2205,0,26,0,8
Twyla,1483,0,3,1,3124,1,6,1,57
Kerrill,2178,1,3,1,741,0,14,1,2
Adiana,225,0,18,1,740,1,1,1,51
Ilyse,936,1,5,0,2766,0,1,0,17
Brennen,2643,0,18,0,486,1,13,1,54
Neile,875,0,8,1,2672,1,26,1,2
Roman,1965,1,27,0,2461,0,30,1,13
Trefor,2481,1,18,1,3093,0,17,1,28
Charley,1069,0,3,1,2879,1,23,0,47
Meggy,681,0,28,1,1153,0,21,0,11
Evyn,862,0,26,1,3371,1,19,1,41
Clarie,1645,1,38,1,1348,0,29,1,60
Neale,235,0,27,1,2052,0,1,1,47
Dinny,2710,0,40,1,1716,1,16,0,46
Zsa zsa,2805,0,31,1,3692,1,2,0,56
Vernen,1035,0,41,1,3474,1,25,0,28
Brody,1016,0,37,1,2454,1,13,0,8
Cathy,1555,0,7,1,652,1,30,1,6
Sheree,1170,1,42,0,3749,0,28,1,49
York,2099,0,19,0,2966,1,20,1,30
Beret,13,1,45,0,3819,0,2,0,56
Trudie,2361,1,50,0,3847,0,4,1,58
Opal,272,0,0,0,2259,0,23,0,24
Dolph,1859,0,49,0,993,0,3,0,27
August,1249,1,36,0,895,1,7,0,3
Marie-jeanne,1979,1,30,1,1447,1,29,1,0
Jacques,167,1,14,1,955,1,2,0,38
Jen,2266,0,26,0,2869,0,18,0,39
Geoff,985,1,44,0,1301,1,21,0,27
Octavius,2432,0,34,1,2517,0,18,1,5
Roderich,2054,1,20,1,3036,1,21,1,51
Thekla,1146,0,42,0,435,1,7,1,29
Walton,735,0,3,0,949,1,9,1,43
Becky,848,0,3,1,1223,0,20,1,58
Teddi,2997,0,45,1,3348,0,28,0,32
Berne,2556,0,23,1,924,0,17,1,28
Town,1146,0,0,0,1940,0,5,1,47
Winne,1405,1,34,1,1987,1,20,0,13
Marsh,112,0,39,1,2986,1,10,0,48
Wolfie,619,0,27,1,102,1,2,0,20
Reggi,840,0,44,1,692,0,7,0,58
Isadora,2845,0,47,0,2848,1,5,1,43
Chucho,2351,1,33,1,1458,0,24,0,52
Jessica,436,1,35,1,3180,0,7,1,58
Sadye,2659,1,35,0,607,0,1,0,47
Molly,1364,0,44,0,2400,1,24,0,5
Craggie,1778,1,37,0,259,1,4,1,43
Brietta,2348,0,13,1,1565,0,17,0,52
Zebedee,707,0,17,0,4000,0,16,1,33
Ainslee,2075,1,0,0,1916,0,0,1,22
Cob,1969,1,37,1,1162,1,1,0,7
Rudy,663,0,10,0,1865,1,16,1,24
Durante,902,0,50,1,1742,1,13,0,51
Shawn,2731,1,44,0,3721,1,5,0,23
Mort,1068,1,7,1,24,0,12,0,0
Pip,2153,0,26,1,936,1,18,0,1
Aloysius,2090,1,8,0,28,1,3,0,3
Francois,1551,1,12,1,1706,1,2,0,6
Timoteo,2967,0,38,1,3220,0,20,1,38
Desmond,1972,0,19,0,747,0,20,0,47
Brodie,1536,0,10,0,1301,0,22,1,48
Ellis,880,0,20,0,2206,0,17,1,22
Freddie,2785,1,20,0,875,1,11,1,25
Gerri,1220,1,44,0,727,0,22,0,7
La verne,1572,0,34,1,977,1,2,0,35
Lettie,1040,0,40,1,2666,1,27,0,46
Theo,2358,0,47,1,3977,0,0,1,2
Dyan,2636,0,46,1,2043,0,30,0,0
Amelie,1390,1,14,1,2362,1,12,1,19
Ealasaid,1339,0,17,1,1633,0,29,0,58
Waring,930,0,2,0,561,0,16,1,18
Gus,2075,1,11,0,2889,1,8,0,0
Philippine,1303,0,1,0,3271,1,7,1,5
Lothario,1704,0,42,1,2389,1,9,0,11
Babb,2824,1,40,0,3777,1,6,1,27
Ellene,289,1,34,1,710,0,10,0,42
Isador,550,1,29,1,3978,0,20,0,48
Guthry,1818,1,26,0,556,1,8,1,51
Alexandre,830,0,33,1,2169,1,24,1,46
Pryce,503,0,10,1,2667,0,4,1,31
Dedra,932,1,13,1,3628,0,28,0,16
Perry,660,1,15,0,1472,1,14,1,30
Carry,940,0,25,1,1811,1,8,0,57
Brnaba,1372,1,29,0,2656,1,27,1,1
Temple,1019,0,6,1,150,1,1,1,11
Arnold,1552,1,34,1,3854,1,12,1,44

